id,first_name,last_name,email,address,contact number
1,Donn,Atkin,datkin0@blogspot.com,6 Claremont Lane,3878679335
2,Almire,Ramsden,aramsden1@washingtonpost.com,45297 Talisman Park,7524419813
3,Jacynth,McIlveen,jmcilveen2@slideshare.net,7 Melrose Avenue,2552636683
4,Ana,Pickthorn,apickthorn3@oaic.gov.au,0 Doe Crossing Lane,8199109610
5,Melly,Neicho,mneicho4@google.com.hk,4538 Randy Plaza,9202378452
6,Cecilla,Yannoni,cyannoni5@oracle.com,5153 Bay Street,7110058085
7,Pierce,Jacobi,pjacobi6@w3.org,55791 Beilfuss Pass,9997571142
8,Myrwyn,Boyall,mboyall7@slate.com,92 Roxbury Center,0432177035
9,Carlyn,Dooler,cdooler8@narod.ru,095 Anthes Parkway,9756508906
10,Miguela,Broadway,mbroadway9@blogs.com,92 Fieldstone Lane,4773104929
11,Lyndsey,Grandin,lgrandina@shop-pro.jp,75999 Hoepker Terrace,4639602154
12,Morry,Sharply,msharplyb@biglobe.ne.jp,917 Hoffman Court,6404005239
13,Neils,McCerery,nmccereryc@washingtonpost.com,1659 Fordem Junction,1965745873
14,Adler,Murrell,amurrelld@domainmarket.com,7 Manley Alley,2960532899
15,Roxie,Yeowell,ryeowelle@biglobe.ne.jp,3709 Oakridge Center,5038444482
16,Herby,Englishby,henglishbyf@dmoz.org,744 Summer Ridge Trail,6030576410
17,Coreen,Tyne,ctyneg@soup.io,28 Kenwood Road,4333371856
18,Cherilyn,Coombe,ccoombeh@umn.edu,8 Johnson Terrace,0907713262
19,Odella,Ambrosini,oambrosinii@trellian.com,4954 Beilfuss Plaza,8538977687
20,Jarret,Fearenside,jfearensidej@a8.net,932 Harper Pass,1032186763
21,Amber,Millthorpe,amillthorpek@tinyurl.com,72 Blackbird Point,7749971238
22,Tito,Kington,tkingtonl@cornell.edu,64 Morningstar Terrace,5618203081
23,Clarey,Casperri,ccasperrim@unicef.org,98 Eastlawn Lane,3043888324
24,Hector,De Vuyst,hdevuystn@angelfire.com,641 Toban Street,0039657795
25,Marya,Machans,mmachanso@biblegateway.com,42166 West Alley,0413158691
26,Micki,Mummery,mmummeryp@sfgate.com,89 Kedzie Hill,1181957648
27,Aurelea,Grayley,agrayleyq@noaa.gov,1996 Thackeray Trail,7290172744
28,Etienne,Iglesia,eiglesiar@admin.ch,42727 8th Street,2391169744
29,Stafford,Goggins,sgogginss@cnbc.com,9 Kings Court,5261793424
30,Gerardo,Samworth,gsamwortht@163.com,0 Trailsway Circle,1801593086
31,Judye,Haward,jhawardu@census.gov,8315 Rusk Court,6762262686
32,Francisco,Insley,finsleyv@networksolutions.com,3341 Pawling Park,4293177396
33,Konrad,Tarburn,ktarburnw@buzzfeed.com,2888 Quincy Court,2319758232
34,Anderea,Morfey,amorfeyx@icq.com,888 Trailsway Junction,1163039829
35,Sephira,Bluck,sblucky@engadget.com,1 Pond Lane,1544610599
36,Juan,Confait,jconfaitz@hc360.com,8318 Prairieview Parkway,8609380858
37,Alasteir,Brettor,abrettor10@aboutads.info,113 North Trail,0831960655
38,Carlota,Woollett,cwoollett11@symantec.com,4659 Grim Circle,8603442320
39,Gregorio,Skelhorn,gskelhorn12@prweb.com,65099 Eagan Junction,3832601333
40,Christean,Paterson,cpaterson13@wunderground.com,106 Grim Place,8704354419
41,Claribel,Deinert,cdeinert14@chron.com,50252 Graceland Park,6892772153
42,Arel,Weare,aweare15@com.com,9031 Little Fleur Way,6355434674
43,Levin,Rainbow,lrainbow16@independent.co.uk,96400 Laurel Place,3368774034
44,Dannye,Solan,dsolan17@oakley.com,2 Bultman Terrace,0858552124
45,Ginevra,Roger,groger18@mozilla.org,69 Maryland Alley,6640715406
46,Hamil,Maevela,hmaevela19@w3.org,7 American Ash Pass,4857266407
47,Gwenore,Flatley,gflatley1a@dailymotion.com,599 Northwestern Crossing,9439802510
48,Glory,Petts,gpetts1b@purevolume.com,576 Towne Place,5413992939
49,Desmond,Westwick,dwestwick1c@yolasite.com,6007 Lawn Junction,0649974794
50,Lindsy,McCafferty,lmccafferty1d@ted.com,6147 Lien Street,1316310485
51,Spike,Lamborne,slamborne1e@acquirethisname.com,780 Parkside Terrace,9396418951
52,Niki,Cajkler,ncajkler1f@vkontakte.ru,5 Maryland Park,1607845385
53,Marthena,Cossam,mcossam1g@narod.ru,984 Jay Trail,1156519640
54,Thoma,Durnill,tdurnill1h@epa.gov,9306 Monument Street,1397422009
55,Joelly,Wallwood,jwallwood1i@youtu.be,270 Oak Valley Circle,2716065454
56,Janos,Lies,jlies1j@123-reg.co.uk,5 Clyde Gallagher Road,5683641764
57,Jere,McGhie,jmcghie1k@stumbleupon.com,623 Dexter Circle,8419817058
58,Dalt,Madner,dmadner1l@craigslist.org,3923 Iowa Center,1566006287
59,Madelin,Habbershon,mhabbershon1m@hc360.com,33752 Drewry Hill,5279706485
60,Savina,Frood,sfrood1n@kickstarter.com,47905 Charing Cross Way,8593169791
61,Theda,Syddall,tsyddall1o@dailymotion.com,90733 Spohn Alley,0015568385
62,Yance,Quartermain,yquartermain1p@microsoft.com,0036 Miller Point,5276792143
63,Karisa,Codi,kcodi1q@dyndns.org,3 Hoard Park,5648574258
64,Reinold,Mateiko,rmateiko1r@github.com,5 Milwaukee Court,9487782346
65,Thorpe,Rowena,trowena1s@accuweather.com,4565 Glacier Hill Alley,2183936517
66,Caldwell,Dionisio,cdionisio1t@pen.io,68 Monica Court,0849467659
67,Johannes,Birtchnell,jbirtchnell1u@shareasale.com,3 Petterle Road,9045374897
68,Kath,Orring,korring1v@theguardian.com,109 Steensland Circle,5771862843
69,Dolorita,Hammerman,dhammerman1w@tripadvisor.com,92 Annamark Pass,0404110916
70,Stanislas,Linnemann,slinnemann1x@census.gov,0488 Leroy Avenue,0873980670
71,Yasmin,Kettley,ykettley1y@mapquest.com,27 Maywood Court,4793540139
72,Anatol,Ferney,aferney1z@chicagotribune.com,88 Goodland Junction,0509530117
73,Zulema,Audibert,zaudibert20@fc2.com,078 Ronald Regan Parkway,8928038227
74,Olimpia,Fairlaw,ofairlaw21@amazon.de,00 Roth Court,2366008295
75,Udale,Hunnywell,uhunnywell22@paginegialle.it,061 Declaration Trail,2489110721
76,Garnette,Jeanin,gjeanin23@cyberchimps.com,89933 Orin Terrace,1843589613
77,Johny,Abramovicz,jabramovicz24@independent.co.uk,4 Pond Alley,5307472471
78,Gabriella,Spadazzi,gspadazzi25@toplist.cz,5 Monterey Park,3712918461
79,Craggie,Gisbey,cgisbey26@narod.ru,73776 Gale Drive,3384517113
80,Nerissa,Ailward,nailward27@usda.gov,5 Lien Road,5559483982
81,Laney,Crosbie,lcrosbie28@dion.ne.jp,058 Johnson Center,4491359490
82,Shalna,Lillow,slillow29@narod.ru,6 Bellgrove Parkway,8055754020
83,Bevin,Olander,bolander2a@xrea.com,5 Hanover Terrace,8140081183
84,Dud,Balham,dbalham2b@hud.gov,44 Toban Trail,3966646242
85,Pegeen,Chevers,pchevers2c@free.fr,8 Goodland Parkway,5915291597
86,Tymothy,Wegenen,twegenen2d@constantcontact.com,0 Sundown Lane,8932145199
87,Collete,Boake,cboake2e@i2i.jp,201 Kinsman Hill,6327331033
88,Petunia,Frensch,pfrensch2f@joomla.org,7 Merchant Court,4940590127
89,Arlan,Waghorne,awaghorne2g@salon.com,76906 Sutherland Avenue,0686163419
90,Ronica,O'Longain,rolongain2h@studiopress.com,95405 Harper Junction,7430284736
91,Barth,Taile,btaile2i@macromedia.com,51 Morningstar Court,5582195432
92,Cullin,Gonnin,cgonnin2j@weather.com,6 Union Alley,7975024694
93,Abbey,Gabitis,agabitis2k@sbwire.com,1104 Spohn Alley,5293247158
94,Diane,Cockrem,dcockrem2l@netvibes.com,3292 Gulseth Avenue,4789442217
95,Kristo,Bourke,kbourke2m@vistaprint.com,25720 Vernon Parkway,4022221429
96,Jilli,Stenners,jstenners2n@hexun.com,11 Pawling Point,4982927626
97,Reinold,Parkhouse,rparkhouse2o@shutterfly.com,5 Charing Cross Hill,3615659147
98,Collette,Ulster,culster2p@unicef.org,79 Cordelia Avenue,9931725346
99,Tasha,Knapman,tknapman2q@mayoclinic.com,80 Ohio Pass,7745204194
100,Eolanda,Ernshaw,eernshaw2r@mozilla.com,60386 Northview Point,9464793597
